channel,msg_id,mint,symbol,call_time_utc,msg_text
devcabal,5105,3vH3NzuHafRNvwKKzoGTWNuLtg5Kc38BxsmfUwgPpump,LUNCHMONEY,2026-04-30T20:00:18+00:00,3vH3NzuHafRNvwKKzoGTWNuLtg5Kc38BxsmfUwgPpump https://t.me/devcabal https://t.me/devcabal https://t.me/devcabal/5105
devcabal,5142,3KHMZhpthXuiCcgfTv7vVu9PpEz64KAEURFwi6Lopump,Goblin,2026-05-01T20:01:11+00:00,EARLY ENTRY PLAY IS HERE!! I think this sends hard fr fr Ca 3KHMZhpthXuiCcgfTv7vVu9PpEz64KAEURFwi6Lopump https://t.me/devcabal https://t.me/devcabal https://t.me/devcabal/5142
devcabal,5180,Ha5Z2DfRv6Ar2nAeBLCGWHqzwXKL3of4DqKwzzwpump,FOFAR,2026-05-02T20:01:00+00:00,Ha5Z2DfRv6Ar2nAeBLCGWHqzwXKL3of4DqKwzzwpump https://t.me/devcabal https://t.me/devcabal https://t.me/devcabal/5180
devcabal,5217,3XwDQHMKcner1GhXRqLKojrWWwNdMaruQs7g7riDpump,Trollpface,2026-05-03T22:01:12+00:00,EARLY ENTRY PLAY IS HERE!! I think this sends hard fr fr Ca 3XwDQHMKcner1GhXRqLKojrWWwNdMaruQs7g7riDpump https://t.me/devcabal https://t.me/devcabal https://t.me/devcabal/5217
devcabal,5251,ARea51UmRfn22Ds7KwFZirSMEEn1gtBdrhW4zLeveeV1,AALIEN,2026-05-04T19:01:05+00:00,ARea51UmRfn22Ds7KwFZirSMEEn1gtBdrhW4zLeveeV1 https://t.me/devcabal https://t.me/devcabal https://t.me/devcabal/5251
devcabal,5284,Aw5SxKyYhXFdZj2BHCqs11UaV5ohwpFQjauB9jFhpump,Apple,2026-05-05T19:00:57+00:00,"INSIDER PLAY IS HERE!! Insane team behind, i think this sends hard fr fr Ca Aw5SxKyYhXFdZj2BHCqs11UaV5ohwpFQjauB9jFhpump https://t.me/devcabal https://t.me/devcabal https://t.me/devcabal/5284"
devcabal,5322,mEgrNoQWAwn3Zphto3vrCV5oxfSNqFCZTJKSQeDa3ko,MEGR,2026-05-06T20:01:16+00:00,mEgrNoQWAwn3Zphto3vrCV5oxfSNqFCZTJKSQeDa3ko https://t.me/devcabal https://t.me/devcabal https://t.me/devcabal/5322
devcabal,5355,ETJyRyneEbzZQHpv9mtPHxnTBBC4JwSCC6eGCamBpump,HANTAGUY,2026-05-07T20:01:29+00:00,ETJyRyneEbzZQHpv9mtPHxnTBBC4JwSCC6eGCamBpump https://t.me/devcabal https://t.me/devcabal https://t.me/devcabal/5355
devcabal,5417,3jG3vjwbEuQCR3YkJKtLmH41jqHx9n36BBW1Kznkpump,UAP,2026-05-09T08:01:18+00:00,EARLY ENTRY PLAY IS HERE!! I think this sends hard fr fr Ca 3jG3vjwbEuQCR3YkJKtLmH41jqHx9n36BBW1Kznkpump https://t.me/devcabal https://t.me/devcabal https://t.me/devcabal/5417
devcabal,5445,8BuGJvmzrtKg1Pq31pdcabFk5UVdvykAYqNqPfWGpump,Bear,2026-05-09T20:01:54+00:00,8BuGJvmzrtKg1Pq31pdcabFk5UVdvykAYqNqPfWGpump https://t.me/devcabal https://t.me/devcabal https://t.me/devcabal/5445
devcabal,5482,HSznAnNhSFgyRWiZh4m7pBmtjHsSLi4Dbmjp18zppump,GAYTES,2026-05-10T17:04:40+00:00,HSznAnNhSFgyRWiZh4m7pBmtjHsSLi4Dbmjp18zppump https://t.me/devcabal https://t.me/devcabal https://t.me/devcabal/5482
devcabal,5523,6qdzMx4c9rL2X3Ns3SwZ8uEo4zReDPjdXpAEmpo7pump,BABYTROLL,2026-05-11T21:01:16+00:00,INSIDER PLAY IS HERE!! Insane team i think this sends hard Ca 6qdzMx4c9rL2X3Ns3SwZ8uEo4zReDPjdXpAEmpo7pump https://t.me/devcabal https://t.me/devcabal https://t.me/devcabal/5523 https://t.me/devcabal/5523
devcabal,5564,33eum82LaAhtv5YkUq1BdwEviSErH5CnFxqVNLT5pump,WORLDCUP,2026-05-12T19:00:50+00:00,EARLY ENTRY PLAY IS HERE!! I think this sends hard fr fr Ca 33eum82LaAhtv5YkUq1BdwEviSErH5CnFxqVNLT5pump https://t.me/devcabal https://t.me/devcabal https://t.me/devcabal/5564
devcabal,5601,CowyrEtbMX5oT211m3u9ayaBcTknsP2wh2zMWghbpump,DAD,2026-05-13T21:00:59+00:00,CowyrEtbMX5oT211m3u9ayaBcTknsP2wh2zMWghbpump https://t.me/devcabal https://t.me/devcabal https://t.me/devcabal/5601
devcabal,5633,82ZmPRVn89XSmbK4dsqFwgTmr9xDBS7be7sjdBn6pump,COPIUM,2026-05-14T21:01:02+00:00,EARLY ENTRY PLAY IS HERE!! I think this sends hard fr fr Ca 82ZmPRVn89XSmbK4dsqFwgTmr9xDBS7be7sjdBn6pump https://t.me/devcabal https://t.me/devcabal https://t.me/devcabal/5633
devcabal,5674,6veQU7HDdXV5DC2Eqhnri5q71gkMzG73qKkSSudnpump,Dust,2026-05-15T19:01:12+00:00,6veQU7HDdXV5DC2Eqhnri5q71gkMzG73qKkSSudnpump https://t.me/devcabal https://t.me/devcabal https://t.me/devcabal/5674
devcabal,5762,GbuHq6UTNUp8CaFsoPgUhxpPBnkVXGepDHgFhN2kpump,Yae,2026-05-16T20:00:57+00:00,GbuHq6UTNUp8CaFsoPgUhxpPBnkVXGepDHgFhN2kpump https://t.me/devcabal https://t.me/devcabal https://t.me/devcabal/5762
devcabal,5805,BCdwQBAn8dYB5YjTsoB6TdHAWokxv28k2oZUodERpump,MANIFEST,2026-05-17T20:01:10+00:00,EARLY ENTRY PLAY IS HERE!! I think this sends hard fr fr Ca BCdwQBAn8dYB5YjTsoB6TdHAWokxv28k2oZUodERpump https://t.me/devcabal https://t.me/devcabal https://t.me/devcabal/5805
devcabal,5852,FmjijgwEHpe32VPvHy1s7u7TLthh9yu1j75djVbWpump,Fmj...pump,2026-05-18T20:00:53+00:00,FmjijgwEHpe32VPvHy1s7u7TLthh9yu1j75djVbWpump https://t.me/devcabal https://t.me/devcabal https://t.me/devcabal/5852
devcabal,5878,FjgXCL8ov5BkvZGoY2QthvhUmx82mVkSmhni6nCJpump,TOLYBOT,2026-05-19T21:00:42+00:00,EARLY ENTRY PLAY IS HERE!! I think this sends hard fr fr Ca FjgXCL8ov5BkvZGoY2QthvhUmx82mVkSmhni6nCJpump https://t.me/devcabal https://t.me/devcabal https://t.me/devcabal/5878
devcabal,5909,HfAFNsnjmbWMMRkwNeUUoHJ8V6UnUGFzkpu3Seajpump,HENRY,2026-05-20T20:01:07+00:00,HfAFNsnjmbWMMRkwNeUUoHJ8V6UnUGFzkpu3Seajpump https://t.me/devcabal https://t.me/devcabal https://t.me/devcabal/5909
devcabal,5942,139jgJYu2N2dPavdBbzTMkskpCuaiwwtDAyvEyMfpump,SOCCER,2026-05-21T20:00:31+00:00,EARLY ENTRY PLAY IS HERE!! I think this sends hard fr fr Ca 139jgJYu2N2dPavdBbzTMkskpCuaiwwtDAyvEyMfpump https://t.me/devcabal https://t.me/devcabal https://t.me/devcabal/5942
devcabal,5979,8wxkvAfEns76yBzu4MnbV7VnXWjg3iDPA9uwAQ6cpump,SOLANGELES,2026-05-22T20:00:43+00:00,8wxkvAfEns76yBzu4MnbV7VnXWjg3iDPA9uwAQ6cpump https://t.me/devcabal https://t.me/devcabal https://t.me/devcabal/5979
devcabal,6018,2jCt3hj9vd7YpV7Sr3VA5nk3tdSpJtZezeoJXW4Xpump,Bank,2026-05-23T09:01:13+00:00,2jCt3hj9vd7YpV7Sr3VA5nk3tdSpJtZezeoJXW4Xpump https://t.me/devcabal https://t.me/devcabal https://t.me/devcabal/6018
devcabal,6056,5hiLgyybrAYPpUwNFa38agfZ8iEtnahWKAPixcfspump,RICH,2026-05-23T20:01:32+00:00,5hiLgyybrAYPpUwNFa38agfZ8iEtnahWKAPixcfspump https://t.me/devcabal https://t.me/devcabal https://t.me/devcabal/6056
devcabal,6091,5s7tf6ih2CEZf7ZPNkJAtcknAq9DL5GsWHMMT3Jdpump,Stake,2026-05-24T20:01:20+00:00,5s7tf6ih2CEZf7ZPNkJAtcknAq9DL5GsWHMMT3Jdpump https://t.me/devcabal https://t.me/devcabal https://t.me/devcabal/6091
devcabal,6134,2RWndXkxWkaKhGjE7dZivVbK5qXtpwnCZJ1jpnxapump,HOPPY,2026-05-25T20:01:16+00:00,2RWndXkxWkaKhGjE7dZivVbK5qXtpwnCZJ1jpnxapump https://t.me/devcabal https://t.me/devcabal https://t.me/devcabal/6134
devcabal,6175,2kBH6UcR8TitebUbKNYNvjUkSFWaiFBJ7nAPTKQwpump,ชั้ง,2026-05-26T20:01:15+00:00,2kBH6UcR8TitebUbKNYNvjUkSFWaiFBJ7nAPTKQwpump https://t.me/devcabal https://t.me/devcabal https://t.me/devcabal/6175
devcabal,6221,Hkpi2SkNWm5LogyY1Bz4zYTq5REVvco2aYWd1tYppump,FCM,2026-05-27T20:01:27+00:00,Hkpi2SkNWm5LogyY1Bz4zYTq5REVvco2aYWd1tYppump https://t.me/devcabal https://t.me/devcabal https://t.me/devcabal/6221
devcabal,6264,BUG9jJ6MZcxbXaDVqq199HvWafMSP4pYHVFrZfLmpump,250,2026-05-28T20:00:32+00:00,EARLY ENTRY PLAY IS HERE!! I think this sends hard fr fr Ca BUG9jJ6MZcxbXaDVqq199HvWafMSP4pYHVFrZfLmpump https://t.me/devcabal https://t.me/devcabal https://t.me/devcabal/6264
devcabal,6310,oqU4DdYCbdSf9j74vnEgvCn1YzNfYQEPWaC6pu6pump,CUM,2026-05-29T20:01:10+00:00,EARLY ENTRY PLAY IS HERE!! I think this sends hard fr fr Ca oqU4DdYCbdSf9j74vnEgvCn1YzNfYQEPWaC6pu6pump https://t.me/devcabal https://t.me/devcabal https://t.me/devcabal/6310
devcabal,6352,EhHyfjRwj2jhmSE7GW5uJfizaLcNDa5C4HWPiSqjpump,LOA,2026-05-30T09:00:53+00:00,EhHyfjRwj2jhmSE7GW5uJfizaLcNDa5C4HWPiSqjpump https://t.me/devcabal https://t.me/devcabal https://t.me/devcabal/6352
devcabal,6399,CmGsBfi3Zbsygpt1FcvFcQa3mD2drYGX6w5WdsWZpump,ballish,2026-05-30T20:01:27+00:00,CmGsBfi3Zbsygpt1FcvFcQa3mD2drYGX6w5WdsWZpump https://t.me/devcabal https://t.me/devcabal https://t.me/devcabal/6399
devcabal,6445,E6ifp2mJy8cYQehUGUtFvrXriRKxRuonLmrvTFypump,SPCX,2026-05-31T20:00:56+00:00,E6ifp2mJy8cYQehUGUtFvrXriRKxRuonLmrvTFypump https://t.me/devcabal https://t.me/devcabal https://t.me/devcabal/6445
devcabal,6489,5vAExw5RGMqsxUTUoX2UByh1vi4U4UoLL4fguaMEpump,DATBIHGAH,2026-06-01T20:01:20+00:00,EARLY ENTRY PLAY IS HERE!! I think this sends hard fr fr Ca 5vAExw5RGMqsxUTUoX2UByh1vi4U4UoLL4fguaMEpump https://t.me/devcabal https://t.me/devcabal https://t.me/devcabal/6489
devcabal,6521,BHiVUHns5sR4JE9tYXagBLEeSZ9sEVsJ5Qmpyterpump,Maa,2026-06-02T20:01:41+00:00,BHiVUHns5sR4JE9tYXagBLEeSZ9sEVsJ5Qmpyterpump https://t.me/devcabal https://t.me/devcabal https://t.me/devcabal/6521
devcabal,6569,FeMrhDeddUvuzo25RZriZD6Te8xy3tdyKLLXBhEEpump,DOGEUS,2026-06-03T20:01:40+00:00,FeMrhDeddUvuzo25RZriZD6Te8xy3tdyKLLXBhEEpump https://t.me/devcabal https://t.me/devcabal https://t.me/devcabal/6569
devcabal,6604,SV151D5pjygAKA8aJJcKzm4wFnRX5G92Fye94jQJk7g,SV151,2026-06-04T20:02:04+00:00,SV151D5pjygAKA8aJJcKzm4wFnRX5G92Fye94jQJk7g https://t.me/devcabal https://t.me/devcabal https://t.me/devcabal/6604
devcabal,6627,9zwhS3b1oYuUEqWNpu2SPkEH24JMVWFEVQvHuYXZpump,HUNTER,2026-06-05T20:01:34+00:00,9zwhS3b1oYuUEqWNpu2SPkEH24JMVWFEVQvHuYXZpump https://t.me/devcabal https://t.me/devcabal https://t.me/devcabal/6627
devcabal,6662,3G8zFxHAnuWXiiC9MobE9EUUqV6m6MjL51YnN6tGpump,$tupid,2026-06-06T20:01:38+00:00,3G8zFxHAnuWXiiC9MobE9EUUqV6m6MjL51YnN6tGpump https://t.me/devcabal https://t.me/devcabal https://t.me/devcabal/6662
devcabal,6706,J4x1EMmQjF6WEzXq2tUtzY89x5aMhYz5CzfevcJEpump,Bountywork,2026-06-07T20:02:00+00:00,J4x1EMmQjF6WEzXq2tUtzY89x5aMhYz5CzfevcJEpump https://t.me/devcabal https://t.me/devcabal https://t.me/devcabal/6706
devcabal,6738,BUvuChjfCJxfUyCRMNWtm2W5ygTc7vV7mK4N22tGpump,GOKU,2026-06-08T20:01:23+00:00,BUvuChjfCJxfUyCRMNWtm2W5ygTc7vV7mK4N22tGpump https://t.me/devcabal https://t.me/devcabal https://t.me/devcabal/6738
devcabal,6777,BcHEaaTCvycPwwsJ9yQTXdHP9X2gCLkznDbZ8VySpump,Jotchua,2026-06-09T20:01:27+00:00,BcHEaaTCvycPwwsJ9yQTXdHP9X2gCLkznDbZ8VySpump https://t.me/devcabal https://t.me/devcabal https://t.me/devcabal/6777
